{"v":"5.7.13","fr":30,"ip":0,"op":150,"w":500,"h":500,"nm":"合成 1","ddd":0,"assets":[{"id":"image_0","w":512,"h":512,"u":"images/","p":"img_0.png","e":0}],"layers":[{"ddd":0,"ind":1,"ty":2,"nm":"1.png","cl":"png","refId":"image_0","sr":1,"ks":{"o":{"a":0,"k":100,"ix":11},"r":{"a":0,"k":0,"ix":10},"p":{"a":1,"k":[{"i":{"x":0.833,"y":0.833},"o":{"x":0.167,"y":0.167},"t":0,"s":[-254,250,0],"to":[84.833,0,0],"ti":[-168.5,0,0]},{"i":{"x":0.833,"y":0.833},"o":{"x":0.167,"y":0.167},"t":48,"s":[255,250,0],"to":[168.5,0,0],"ti":[0.667,0,0]},{"i":{"x":0.833,"y":0.833},"o":{"x":0.167,"y":0.167},"t":84,"s":[757,250,0],"to":[-0.667,0,0],"ti":[169.667,0,0]},{"i":{"x":0.833,"y":0.833},"o":{"x":0.167,"y":0.167},"t":120,"s":[251,250,0],"to":[-169.667,0,0],"ti":[85.333,0,0]},{"t":149,"s":[-261,250,0]}],"ix":2,"l":2},"a":{"a":0,"k":[256,256,0],"ix":1,"l":2},"s":{"a":0,"k":[100,100,100],"ix":6,"l":2}},"ao":0,"ip":0,"op":150,"st":0,"bm":0}],"markers":[]}